,Unnamed: 0,slug,status_3_ratio_mean,status_3_ratio_var,latitude,longitude,ratios,ratios_length,minCapacity,maxCapacity
2,196,jq8xwm,0.5573961735884274,0.2467632535116097,55.723784,9.58365,[0.5573961735884274],1,50.0,50.0
4,214,kj9rwe,0.5364607524384579,0.1194600840574128,55.626754,12.575313,"[0.41407338597306087, 0.6588481189038551]",2,43.0,50.0
5,275,qk7jyq,0.5121426911457123,0.0736662992532859,55.489341,12.161393,"[0.5177782942133395, 0.4991866139902394, 0.4782709737392517, 0.4945386939344643, 0.4926795259121543, 0.5205670462468046, 0.56983499883802, 0.49151754589821056, 0.46595398559144785, 0.5372995584475947, 0.5231234022774808, 0.5440390425284685, 0.539855914478271, 0.48570764582849174, 0.5221938182663258, 0.5117359981408319]",16,300.0,300.0
14,162,eeq85m,0.4576388888888889,0.1292539746854982,55.453194,11.789021,"[0.42083333333333334, 0.49444444444444446]",2,43.0,50.0
16,120,8zxw8,0.4484148227456578,0.0690499095684299,55.786395,9.667926,"[0.4848917439923864, 0.46157506542945514, 0.37044967880085655, 0.5105876754699025, 0.5065429455151083, 0.4784677611230074, 0.38329764453961457, 0.2928860337853914, 0.43397573162027125, 0.3402331667856293, 0.5726861765405663, 0.5298596240780395, 0.4739471805852962, 0.4318344039971449, 0.38639067332857485, 0.5170116583392814]",16,150.0,150.0
22,229,mw5ppj,0.4350197261545602,0.1427125170202591,55.906489,12.474888,"[0.3826873984683221, 0.4873520538407983]",2,43.0,50.0
27,89,7nn8my,0.4254730041532072,0.0946572819210034,55.308471,10.808783,"[0.446931241347485, 0.3940932164282418, 0.41808952468850946, 0.3991693585602215, 0.4580064605445316, 0.4365482233502538]",6,300.0,300.0
31,16,2n9kg,0.4026599739864803,0.043039569466868,55.489025,12.163113,"[0.39628482972136225, 0.5096451536080019, 0.4243867587520838, 0.44391521790902594, 0.5308406763515122, 0.34031912360085737, 0.3850916884972613, 0.49511788521076444, 0.3984281971898071, 0.4134317694689212, 0.4198618718742558, 0.410335794236723, 0.38604429626101455, 0.4205763276970707, 0.33507978090021434, 0.40200047630388186, 0.4070016670635866, 0.40414384377232676, 0.45296499166468207, 0.4227196951655156, 0.4070016670635866, 0.4100976422957847, 0.2093355560847821, 0.25005953798523456, 0.40985949035484637, 0.38461538461538464]",26,150.0,150.0
43,235,mzjgpp,0.3662695631861714,0.0098962597174649,55.486708,12.157368,"[1.0, 0.0, 0.09880868955851436]",3,22.0,50.0
48,169,ejqeg3,0.3542249145697421,0.0324682279174038,55.663749,9.547091,"[0.08946877912395154, 0.6644920782851818, 0.032851817334575956, 0.6311742777260019, 0.06104380242311277, 0.05964585274930102, 0.6663560111835974, 0.6749767008387698, 0.06337371854613234, 0.6288443616029823, 0.6407269338303822, 0.03774464119291705]",12,22.0,150.0
52,242,nj37zx,0.3367113198793783,0.0395510744750787,57.088541,9.968678,"[0.3277661795407098, 0.35258640686615633, 0.48341452099280907, 0.4154488517745303, 0.2407794015309673, 0.42240779401530965, 0.33356529807469265, 0.20598469032707029, 0.40964973324054743, 0.1936905590350267, 0.49826026443980515, 0.24913013221990257, 0.47923915564834146, 0.25516121549524473, 0.26351194618418, 0.2567849686847599]",16,300.0,300.0
62,353,y9gre,0.3175590302455974,0.0521816679535195,55.51131,9.764768,"[0.30514096185737977, 0.2688936271025823, 0.30443022980336415, 0.32859511963989574, 0.3079838900734423, 0.30561478322672353, 0.2942430703624733, 0.33001658374792703, 0.4581852641554134, 0.2977967306325515, 0.31272210376687987, 0.2970859985785359]",12,150.0,150.0
64,308,rpnyj2,0.3149349361263192,0.0492757537021923,55.534483,9.716938,"[0.3622946917400619, 0.3025470126160438, 0.36181861461556775, 0.43013568198048086, 0.3234944060937872, 0.3218281361580576, 0.29469174006189003, 0.33444417995715303, 0.3156391335396334, 0.32611283027850513, 0.2599381099738158, 0.31064032373244466, 0.2713639609616758, 0.2982623184955963, 0.33015948583670557, 0.30778386098547966, 0.3546774577481552, 0.3434896453225422, 0.3070697452987384, 0.2939776243751488, 0.34372768388478936, 0.25232087598190905, 0.18876457986193762, 0.32325636753154013]",24,250.0,250.0
65,386,z6dzz,0.3062347653869591,0.0381813727837266,55.535763,9.718525,"[0.4008226691042048, 0.25, 0.3679159049360146, 0.3756855575868373, 0.5303930530164533, 0.035877513711151734, 0.5009140767824497, 0.3852833638025594, 0.296617915904936, 0.27513711151736747, 0.023994515539305303, 0.23217550274223034]",12,62.0,270.0
72,255,nzn6mp,0.2904972265586076,0.0352873934296578,55.352714,10.419778,"[0.20437107649383865, 0.24017670309230413, 0.39641943734015345, 0.22459893048128343, 0.24203673564287376, 0.28225993954894213, 0.17089049058358521, 0.24133922343641015, 0.11648453847942339, 0.415252266914671, 0.3994419902348291, 0.42292490118577075, 0.3394559404789584, 0.47779586142757496, 0.27435480120902117, 0.43780516159032784, 0.3289932573820042, 0.3359683794466403, 0.17856312485468495, 0.4282724947686585, 0.20390606835619624, 0.24250174378051617, 0.2962101836782144, 0.25203441060218557, 0.25691699604743085, 0.2397116949546617, 0.1969309462915601, 0.28830504533829343]",28,300.0,300.0
76,118,8zdpp,0.2832443471381524,0.0338171543752067,55.38791,11.361842,"[0.22984931834489356, 0.2276967232719445, 0.24778761061946902, 0.2501793829227458, 0.46998325759387705, 0.17436020090887347, 0.17483855536952883, 0.12030614685481943, 0.09758430997369051, 0.3417842621382444, 0.22817507773259985, 0.2033006457785219, 0.3147572351112174, 0.23941640755800048, 0.3738340110021526, 0.38250790305584825, 0.2939488160727099, 0.28749103085386274, 0.30279837359483375, 0.3149964123415451, 0.2929921071513992, 0.2946663477636929, 0.4187993303037551, 0.3195407797177709, 0.37981344176034443, 0.3934465438890218]",26,150.0,250.0
81,119,8zg52,0.2749791468064824,0.0392513032003207,55.068158,9.360839,"[0.3117254528122021, 0.2023355576739752, 0.4408960915157293, 0.31291706387035273, 0.23141086749285034, 0.19494756911344138, 0.21568160152526217, 0.22163965681601525, 0.30028598665395617, 0.23760724499523356, 0.2785986653956149, 0.3753574833174452, 0.32721639656816015, 0.3317445185891325, 0.2152049571020019, 0.2020972354623451]",16,150.0,150.0
91,147,dne2jp,0.2657657657657657,0.0627568129589846,55.509767,9.767765,"[0.18757218757218758, 0.3051513051513052, 0.21667821667821668, 0.35366135366135365]",4,43.0,50.0
95,387,zee2q,0.2570376368964985,0.0499404959474294,55.536776,9.717684,"[0.19438444924406048, 0.3444924406047516, 0.31533477321814257, 0.0, 0.33659066232356133, 0.3801295896328294]",6,350.0,350.0
97,176,eypyn,0.2539684898929845,0.0382876116971719,56.783309,9.690891,"[0.26254458977407846, 0.38287752675386444, 0.15005945303210463, 0.24684898929845422, 0.12604042806183116, 0.0925089179548157, 0.3288941736028537, 0.33507728894173605, 0.37883472057074913, 0.28109393579072534, 0.3895362663495838, 0.2858501783590963, 0.238525564803805, 0.12152199762187872, 0.16504161712247326, 0.27824019024970276]",16,150.0,150.0
98,338,xdrg7,0.2520271070075757,0.0343270451447424,56.122406,9.173014,"[0.11576704545454546, 0.25804924242424243, 0.3802083333333333, 0.22916666666666666, 0.4109848484848485, 0.16808712121212122, 0.31889204545454547, 0.21401515151515152, 0.23200757575757575, 0.4550189393939394, 0.10108901515151515, 0.18394886363636365, 0.34398674242424243, 0.1337594696969697, 0.2774621212121212, 0.2099905303030303]",16,250.0,250.0
100,93,7w2p9w,0.2463878832165277,0.0444995860279952,55.347721,11.120159,"[0.2931876307835387, 0.265054638456173, 0.26761218321320623, 0.30597535456870495, 0.2945826551964659, 0.028365496396186934, 0.2699372239014183]",7,62.0,270.0
102,111,8ndxk7,0.2432463903120633,0.0969436630139875,55.390728,11.353155,"[0.16557987890079182, 0.32091290172333486]",2,43.0,50.0
104,100,7wmq3r,0.2362627197039778,0.0517959763012761,55.297279,10.840271,"[0.2511563367252544, 0.26595744680851063, 0.2791396854764107, 0.08371877890841813, 0.3013413506012951]",5,75.0,215.0
112,279,qke3nz,0.2201612903225806,0.0920456066136837,55.216359,9.376607,"[0.09032258064516129, 0.35]",2,43.0,50.0
113,132,9ek9ew,0.2199040767386091,0.034553819235918,56.784101,9.695102,"[0.3502158273381295, 0.02302158273381295, 0.29726618705035973, 0.27424460431654674, 0.04201438848920863, 0.33266187050359713]",6,62.0,300.0
114,352,y7ypj,0.2196215293935163,0.0481350621671533,55.06505,9.3663,"[0.3802197802197802, 0.0, 0.34175824175824177, 0.378021978021978, 0.16373626373626374, 0.38571428571428573]",6,350.0,350.0
115,331,x562z8,0.2174763988026709,0.0882873195142504,55.215624,9.371837,"[0.08128022104536035, 0.3536725765599816]",2,43.0,50.0
117,230,mw6eqe,0.2159463831754102,0.0474479194546687,54.948674,11.98818,"[0.2870348971573839, 0.2743240120175641, 0.23988906863877976, 0.04090593944996533, 0.237577998613358]",5,75.0,300.0
118,159,ee9pqp,0.2137022549470777,0.0393611117877794,55.521225,8.548019,"[0.17901518637827887, 0.19098021168890933, 0.21675103543488264, 0.2823285780027612, 0.21974229176254026, 0.20409572020248504, 0.18292682926829268, 0.23377818683847215]",8,300.0,300.0
123,334,x62zj,0.2056852322625375,0.0908322106533384,55.561581,12.229786,"[0.18581003004391033, 0.22556043448116478]",2,75.0,175.0
128,226,mr3ge,0.1980033919210607,0.0429109122664884,55.309395,10.804939,"[0.2555309734513274, 0.3064159292035398, 0.27101769911504425, 0.26327433628318586, 0.24225663716814158, 0.0]",6,350.0,350.0
131,375,yy6gn,0.1955524453774978,0.0403913724173479,56.068124,9.978392,"[0.35920177383592017, 0.1278941565600882, 0.27342888643880925, 0.12458654906284454, 0.2006651884700665, 0.15853658536585366]",6,350.0,350.0
132,21,33gq7y,0.1932542903525046,0.0275643418976173,55.478189,9.87785,"[0.17648423005565864, 0.16117810760667903, 0.1614100185528757, 0.1553803339517625, 0.17509276437847868, 0.23098330241187384, 0.17115027829313545, 0.24605751391465677, 0.20570500927643784, 0.12917439703153988, 0.2625231910946197, 0.22727272727272727, 0.18668831168831168, 0.1760204081632653, 0.19944341372912802, 0.22750463821892394]",16,300.0,300.0
133,287,qpp9jr,0.1931415468000833,0.022200541831551,55.627132,12.624391,"[0.029080675422138838, 0.23287992495309567, 0.19136960600375236, 0.4333958724202627, 0.2553939962476548, 0.05042213883677298, 0.06636960600375234, 0.17706378986866791, 0.3022983114446529]",9,60.0,300.0
134,273,q5wg3e,0.1929548156956004,0.0250235725297294,55.64006,11.830555,"[0.09655172413793103, 0.16837098692033295, 0.19357907253269918, 0.09726516052318668, 0.13460166468489893, 0.19785969084423305, 0.24233055885850177, 0.10011890606420927, 0.13412604042806184, 0.2225921521997622, 0.3110582639714625, 0.40451843043995245, 0.15980975029726516, 0.09155766944114149, 0.1859690844233056, 0.3469678953626635]",16,250.0,250.0
137,166,ejdx2j,0.1893271461716937,0.0733369804418422,56.412393,10.076191,"[0.30324825986078885, 0.07540603248259861]",2,43.0,50.0
138,96,7w9qmp,0.1887058036065831,0.0184944671457367,56.135327,9.006889,"[0.11906449326718639, 0.10252775809118828, 0.15024805102763997, 0.09142452161587526, 0.13253012048192772, 0.11906449326718639, 0.09024332624616112, 0.11646586345381527, 0.15615402787621072, 0.18048665249232224, 0.11268603827072998, 0.16371367824238128, 0.07772265532719112, 0.06354831089062131, 0.09284195605953224, 0.06567446255610677, 0.01700921332388377, 0.2310418143160879, 0.38034490904795654, 0.4304275927238365, 0.38128986534372783, 0.3971178832978975, 0.45334278289629104, 0.40396881644223953]",24,22.0,300.0
140,348,xrx6eq,0.1847466960352423,0.0233954932781582,55.487669,9.845626,"[0.10711801530257362, 0.05147229306747044, 0.2095988870855553, 0.19707859958265708, 0.11708787386969627, 0.1553443079063297, 0.31161604451657776, 0.24646417806631116, 0.1279851611407373, 0.18965916995131, 0.22745188963598423, 0.15024345003477857, 0.2960816137259448, 0.28564804080686296, 0.17876188268026896, 0.10433572919081846]",16,300.0,300.0
141,266,pyd3e,0.1827969437369761,0.0804612813616621,55.560067,12.230918,"[0.1398471868488076, 0.2257467006251447]",2,75.0,175.0
145,92,7px33,0.1783250059481322,0.02904162495047,54.899885,11.89693,"[0.1508446347846776, 0.2636212229359981, 0.12752795622174637, 0.27075898167975254, 0.15203426124197003, 0.1522721865334285, 0.1551272900309303, 0.15441351415655485]",8,125.0,125.0
155,208,k73nd,0.1670392078945625,0.0178743867542806,55.584921,12.257683,"[0.15300546448087432, 0.16923076923076924, 0.18688524590163935, 0.26885245901639343, 0.3092896174863388, 0.18688524590163935, 0.19672131147540983, 0.1945054945054945, 0.12747252747252746, 0.2021978021978022, 0.23169398907103825, 0.16043956043956045]",12,350.0,350.0
160,61,6275k5,0.161819184992512,0.0305596457382296,55.722555,9.570138,"[0.01655237644833294, 0.23835422085599434, 0.23480728304563728, 0.23126034523528022, 0.23953653345944667, 0.010404350910380705]",6,60.0,300.0
164,271,q2erq,0.1581696289367009,0.0353793754038283,56.782908,9.694346,"[0.19444444444444445, 0.21777777777777776, 0.1653631284916201, 0.13555555555555557, 0.26256983240223464, 0.19106145251396647]",6,350.0,350.0
165,15,2jejpm,0.1550764951321279,0.0768035763405066,55.395462,10.188196,"[0.15878535002318034, 0.15136764024107557]",2,150.0,150.0
166,29,39q696,0.152939126394052,0.0307960306881513,55.631338,12.656632,"[0.2158457249070632, 0.012314126394052044, 0.36988847583643125, 0.01370817843866171]",4,50.0,175.0
168,198,jrej3k,0.1513846869909239,0.0233316095078532,56.541577,9.897226,"[0.14638119618338374, 0.20898301140330464, 0.15103560623690948, 0.14219222713521062, 0.14777751919944146, 0.10821503374447289, 0.09425180358389575, 0.16127530835466605, 0.19083081219455433, 0.18594368163835234, 0.11007679776588318, 0.16965324645101235]",12,300.0,300.0
169,116,8pemee,0.1499405469678953,0.0177932357075451,54.939946,9.378711,"[0.07348394768133175, 0.1479191438763377, 0.17431629013079666, 0.20095124851367419, 0.13317479191438764, 0.13816884661117718, 0.1671819262782402, 0.13912009512485138, 0.15695600475624258, 0.18810939357907253, 0.18834720570749108, 0.1750297265160523, 0.1074910820451843, 0.19072532699167657, 0.24351961950059453, 0.13745541022592153, 0.08727705112960761, 0.0887039239001189, 0.13032104637336503, 0.10582639714625446, 0.16837098692033295, 0.1657550535077289, 0.14863258026159334, 0.1417360285374554]",24,250.0,250.0
172,286,qpn3pe,0.1479944674965422,0.0753948701561493,55.453298,11.786234,"[0.1380820654679576, 0.15790686952512678]",2,300.0,300.0
176,395,zppqpg,0.1355614766759345,0.0192668895118758,56.131292,9.350055,"[0.10681186283595923, 0.10797034291010195, 0.17771084337349397, 0.1010194624652456, 0.11353104726598702, 0.11862835959221502, 0.13994439295644115, 0.15848007414272475, 0.21362372567191845, 0.10194624652455977, 0.15222428174235403, 0.13484708063021317]",12,300.0,300.0
177,263,pjydm9,0.1351696885169688,0.059439392263981,56.449459,9.999327,"[0.0602045560204556, 0.2101348210134821]",2,43.0,50.0
182,367,yr68zr,0.1316461574181565,0.060695919355296,56.448947,10.00196,"[0.06872533085674483, 0.19456698397956815]",2,43.0,50.0
185,156,dx9pjd,0.1258664146187775,0.023571953263415,56.068623,9.978565,"[0.16800567107750472, 0.006852551984877127, 0.22920604914933837, 0.14555765595463138, 0.19848771266540643, 0.007088846880907372]",6,60.0,300.0
189,193,j877d,0.1219342896807033,0.0602269449984424,55.64044,9.56305,"[0.06732993984266543, 0.17653863951874132]",2,43.0,50.0
192,276,qk85yd,0.1181996855345911,0.0188228439201128,55.775075,12.521009,"[0.022169811320754716, 0.011320754716981131, 0.24764150943396226, 0.1804245283018868, 0.01509433962264151, 0.23254716981132076]",6,60.0,300.0
194,243,nj3zyn,0.1156350513846395,0.0214783899031472,56.783046,9.694855,"[0.19581077900682514, 0.016003765591903977, 0.15980230642504117, 0.009884678747940691, 0.1715697811249706, 0.14073899741115556]",6,60.0,300.0
197,131,9ee6k2,0.1140264908529341,0.0117403320570983,54.7791,11.47722,"[0.11831789023521026, 0.09931100023758613, 0.07911617961511047, 0.15585649798051793, 0.12140650985982418, 0.0691375623663578, 0.09075789973865526, 0.09194583036350677, 0.11974340698503208, 0.22950819672131148, 0.13138512710857686, 0.14682822523164646, 0.11023996198622, 0.12687099073414113, 0.06343549536707056, 0.07056307911617961]",16,250.0,250.0
206,285,qpkr36,0.109524933144565,0.0224794690107933,55.065279,9.366183,"[0.2048135913166588, 0.010382255781028787, 0.15998112317130722, 0.1446436998584238, 0.1264747522416234, 0.010854176498348278]",6,60.0,300.0
207,177,gedrjz,0.1083216017519161,0.0346012606514064,56.151623,10.00619,"[0.15278103731518422, 0.15861098076020647, 0.01360863444392304]",3,60.0,300.0
216,209,k977x,0.1038440798089515,0.0504585848166795,55.64211,9.55807,"[0.054772359602495956, 0.15322394268546338]",2,43.0,50.0
222,388,zkggq,0.1002567415921379,0.0071938237667971,57.455813,10.04226,"[0.113306355629612, 0.09950011901928113, 0.10521304451321115, 0.08283741966198524, 0.08212330397524399, 0.09640561771006903, 0.13234944060937873, 0.06784099024041895, 0.12401809093073078, 0.09521542489883361, 0.10188050464175197, 0.11949535824803618, 0.08021899547726732, 0.07712449416805522, 0.053558676505593907, 0.11187812425612949, 0.14401333015948584, 0.14282313734825042, 0.08140918828850274, 0.047607712449416806, 0.05879552487502975, 0.15996191383004046, 0.0776005712925494, 0.07955625990491284, 0.10235658176624614, 0.10021423470602238, 0.09854796477029279, 0.1804332301832897]",28,150.0,250.0
223,239,n98nqj,0.0994473496553363,0.0169111008292792,56.787214,8.829697,"[0.09935821250297124, 0.0801045875921084, 0.07582600427858331, 0.10910387449488947, 0.10934157356786309, 0.10149750415973377, 0.10387449488946993, 0.11647254575707154]",8,250.0,250.0
224,272,q5g67y,0.098733981781689,0.0211060333025418,54.99729,12.00039,"[0.09581497797356828, 0.08315098468271334, 0.17491749174917492, 0.12363238512035012, 0.1422319474835886, 0.18052516411378555]",6,350.0,350.0
225,248,njw5dp,0.0978513356562137,0.0489585559606923,55.833041,12.524161,"[0.0, 0.0, 0.07990708478513357, 0.12311265969802555]",4,150.0,150.0
230,37,3yd98n,0.0958957553058676,0.0309433739219871,57.020387,9.967491,"[0.14723782771535582, 0.021067415730337078, 0.11938202247191011]",3,60.0,300.0
231,221,m573d,0.0945757997218358,0.0396274226092026,57.154299,10.158087,"[0.1376912378303199, 0.05146036161335188]",2,43.0,50.0
232,109,8ndx38,0.0941828254847645,0.0413468961445891,55.080664,11.959194,"[0.04547553093259465, 0.14289012003693444]",2,43.0,50.0
235,103,8dw55,0.0933518647208709,0.0453844296843115,55.526407,9.464464,"[0.07852675469075747, 0.10817697475098448]",2,43.0,50.0
236,245,njje2j,0.0921093507300403,0.0172136753955957,55.52614,9.464075,"[0.12628145386766076, 0.11789375582479031, 0.05871388630009319, 0.13466915191053122, 0.047530288909599254, 0.06756756756756757]",6,150.0,150.0
238,222,m577d,0.0894846796657381,0.0415030545597535,55.39329,10.18904,"[0.04526462395543175, 0.13370473537604458]",2,43.0,50.0
239,68,68x68,0.0880640465793304,0.0466043712738487,56.84127,9.7435,"[0.07768329119742588, 0.09859802344288669]",2,43.0,50.0
240,204,jzrnyw,0.0878709978967048,0.0252654288898641,56.412811,10.073908,"[0.06940874035989718, 0.08857209628417854, 0.08857209628417854, 0.10493105865856509]",4,300.0,300.0
241,341,xpr5gw,0.0869952724172672,0.0144907860499961,55.643301,12.400076,"[0.0478958381771681, 0.11857707509881422, 0.1267147175075564, 0.0741687979539642, 0.05533596837944664, 0.09927923738665427]",6,150.0,150.0
247,284,qpe6jr,0.0791233868429335,0.0143663729132438,55.387655,11.362686,"[0.07766761095372994, 0.1645420207743154, 0.009915014164305949, 0.0767233238904627, 0.006137865911237016, 0.1397544853635505]",6,60.0,300.0
248,77,79zzz,0.0788922504072608,0.0489421618044549,54.83231,9.33313,"[0.0442168955084943, 0.11356760530602746]",2,43.0,50.0
250,121,95226,0.0782810685249709,0.0360407248854751,55.45523,11.60721,"[0.0329849012775842, 0.12357723577235773]",2,43.0,50.0
252,170,eq77y,0.0767361111111111,0.041980083159682,54.94839,11.98752,"[0.11666666666666667, 0.03680555555555556]",2,43.0,50.0
254,66,628yze,0.0755366308912739,0.0181406104431622,55.297526,10.841085,"[0.06252916472235184, 0.04479701353243117, 0.040363975734951006, 0.15445636957536163]",4,22.0,50.0
255,143,deggn,0.0754709637241164,0.0346685017002365,55.45536,11.59646,"[0.033395609528257826, 0.11793554413825315]",2,43.0,50.0
256,34,3geer,0.0753646677471637,0.0355995369727415,55.70182,11.656742,"[0.05579995369298449, 0.0949293818013429]",2,43.0,50.0
262,189,gx725,0.0716202745188252,0.0340113511990144,56.84363,9.74208,"[0.028985507246376812, 0.11847250977685761]",2,43.0,50.0
263,256,p5y3qe,0.0714983424106085,0.0071023657007098,57.389315,10.510433,"[0.08808903623016813, 0.05612124082405873, 0.04878048780487805, 0.05470044991712053, 0.06156760596732181, 0.06867156050201279, 0.04286052569263557, 0.04949088325834715, 0.08382666350935354, 0.11058489225668956, 0.08524745441629174, 0.0989817665166943, 0.07056594837793038, 0.0674875680795643, 0.07032914989344068, 0.08666824532322993]",16,250.0,250.0
274,233,mwr7ke,0.0679819441201649,0.012613610343897,55.886381,9.786466,"[0.046929722157366335, 0.09922951202428204, 0.06350688769554051, 0.10623394816717255, 0.0352556619192155, 0.05673593275741303]",6,150.0,150.0
275,238,n377q,0.067595818815331,0.0322559518412496,55.700608,11.651887,"[0.060859465737514516, 0.0743321718931475]",2,43.0,50.0
278,337,x69yj,0.0665666820489155,0.0294358440408233,55.56066,12.2314,"[0.0265343793262575, 0.1065989847715736]",2,43.0,50.0
282,219,kppjzy,0.0641382509858501,0.031790202691975,57.099975,10.02423,"[0.06502554575011611, 0.06332637439109255]",2,300.0,300.0
284,49,5wmrn,0.063455303381195,0.0299080951757128,56.17812,10.06543,"[0.015979620194534506, 0.1109309865678555]",2,43.0,50.0
289,260,pjxemy,0.0619659175104964,0.0072535830985761,55.354133,10.420607,"[0.036799209681402816, 0.24944430723635466, 0.04667819214620894, 0.10249444307236355, 0.03803408248950358, 0.08471227463571253, 0.010372931588046431, 0.008644109656705359, 0.013830575450728575, 0.02657307595888694]",10,50.0,300.0
294,309,rpppx6,0.0595705379819903,0.0103458355351762,55.877056,12.476933,"[0.04479335026552759, 0.04756407296236435, 0.08958670053105518, 0.10228584622489033, 0.03278688524590164, 0.040406372662202726]",6,150.0,150.0
295,397,zprjyk,0.0594436310395314,0.0239665588130825,54.998079,12.000319,"[0.0849194729136164, 0.006734992679355783, 0.08667642752562225]",3,60.0,300.0
297,178,geg28p,0.0587415130940834,0.0079632230058108,55.391936,11.352533,"[0.08341416100872939, 0.13554801163918526, 0.07977691561590688, 0.12148399612027158, 0.0019398642095053346, 0.013094083414161009, 0.014791464597478177, 0.01988360814742968]",8,50.0,300.0
299,191,gx775,0.0586405529953917,0.0342996034253681,54.82622,9.32942,"[0.03225806451612903, 0.08502304147465438]",2,43.0,50.0
301,99,7wg2m7,0.0579317025914264,0.0116958610750747,54.898954,11.918018,"[0.07750060547348026, 0.0956648098813272, 0.06442237829983047, 0.0862194235892468, 0.011140712036812788, 0.011310548315711827]",6,50.0,300.0
304,313,w2k7y,0.0572567004944054,0.00612353838279,56.094496,8.23574,"[0.05128805620608899, 0.05200281096275474, 0.054813773717498245, 0.03958772546263762, 0.05130007027406887, 0.06207542750058562, 0.06722885921761537, 0.06607310215557638, 0.07002341920374708]",9,22.0,300.0
317,94,7w9ezp,0.0493504397643831,0.005995654554398,55.413935,10.055847,"[0.10167029774872913, 0.0718954248366013, 0.09489227789881384, 0.03606874848704914, 0.08206245461147423, 0.04793028322440087, 0.007262164124909223, 0.008853910477127398, 0.012048192771084338, 0.02768361581920904]",10,50.0,300.0
318,105,8e8xq6,0.0492085879956119,0.0088510337857268,55.488631,12.16242,"[0.061824165491302305, 0.06723084156088388, 0.009167842031029619, 0.06041372825575929, 0.009402914903620122, 0.08721203573107664]",6,60.0,300.0
321,240,n9qkrq,0.047676669893514,0.0163659394894644,55.524597,8.589284,"[0.06098741529525654, 0.004356243949661181, 0.0776863504356244]",3,60.0,300.0
322,310,rq779,0.0475307210758172,0.0247579318597999,55.51196,9.39401,"[0.015766287966612568, 0.07929515418502203]",2,43.0,50.0
324,311,rq7m9,0.0469478098788443,0.030363555420511,57.221955,9.941859,"[0.022833178005591797, 0.07106244175209693]",2,43.0,50.0
327,314,w688p,0.045808290953922,0.0286204473496128,56.038029,9.000103,"[0.026352288488210817, 0.06588072122052704]",2,43.0,50.0
333,236,mzq7x3,0.0432635786503644,0.0072999768410942,55.639719,11.83078,"[0.007994356924523865, 0.11145074065365625, 0.04961203856101575, 0.050082294850693626, 0.011991535386785799, 0.028450505525511403]",6,60.0,300.0
334,383,z655z,0.0426070935052971,0.0198382141675927,55.51409,9.40002,"[0.012897282358360202, 0.07231690465223399]",2,43.0,50.0
336,144,degzn,0.0415416570505423,0.0211270779618888,56.17521,10.06587,"[0.016385875836602816, 0.06669743826448188]",2,43.0,50.0
338,102,8drwq,0.0406796717758166,0.0193216801508691,56.039672,9.004974,"[0.014166279609846726, 0.07268927078495123]",2,43.0,50.0
339,232,mwr3g9,0.0405582542987123,0.0069540612555049,55.626112,12.097063,"[0.03469812630117974, 0.018505667360629193, 0.04533888503354152, 0.05343511450381679, 0.04765209345362017, 0.04371963913948647]",6,150.0,150.0
346,391,zne5km,0.0383576445164775,0.0075989077254369,55.54566,12.215369,"[0.019448946515397084, 0.06297754109747626, 0.024311183144246355, 0.0472331558231072, 0.027089604075017364, 0.049085436443621205]",6,150.0,150.0
347,351,y6d79,0.0377927196846742,0.0185157204757417,56.149722,9.766954,"[0.015766287966612568, 0.059819151402735915]",2,43.0,50.0
348,379,z2n5qn,0.0377122586648057,0.0051611854499693,55.46893,9.89515,"[0.028843917190044196, 0.055594324261456156, 0.015585019772040009, 0.038846243312398235, 0.031635264014887185, 0.05373342637822749, 0.021865550127936728, 0.055594324261456156]",8,150.0,150.0
352,19,2pxkx3,0.0365451179264267,0.0126201167306549,56.200756,9.517892,"[0.042260323593334946, 0.020043467761410288, 0.04733156242453514]",3,60.0,300.0
353,384,z657z,0.0364414622859787,0.0208309348970049,57.2226,9.93721,"[0.015502082369273484, 0.05738084220268394]",2,43.0,50.0
355,171,eq7ry,0.0346144940958555,0.0173865523697706,56.147603,9.76432,"[0.0118082889557768, 0.05742069923593424]",2,43.0,50.0
367,158,ee8gk8,0.0262403100775193,0.0133907876538802,55.065492,9.36722,"[0.01674418604651163, 0.03697674418604651]",2,43.0,50.0
368,336,x697j,0.026005547850208,0.0173004337264396,57.152389,10.161239,"[0.014331946370781322, 0.037679149329634766]",2,43.0,50.0
375,78,7kerez,0.0238695777830325,0.0013901456406351,55.166096,11.958106,"[0.04847481674154647, 0.003310475289666588, 0.022227476944904234, 0.03026720264838023, 0.01253251359659494, 0.0040198628517379995, 0.006857413100023646, 0.0011823126034523528, 0.004729250413809411, 0.02530148971388035, 0.03428706550011823, 0.0009458500827618822, 0.0030740127689761173, 0.1678883896902341, 0.028375502482856467, 0.002128162686214235, 0.009931425868999763, 0.024119177110428]",18,60.0,300.0
385,268,pz6wdm,0.0164067954386781,0.0024513084081874,56.185779,9.578401,"[0.016775396085740912, 0.0006981615080288574, 0.01885036071677915, 0.014661391668606005, 0.023039329764952293, 0.027926460321154294, 0.023272050267628578, 0.00605073306958343]",8,600.0,600.0
390,203,jz7px9,0.014422823392923,0.0008585900796085,55.169362,11.957143,"[0.013763644992880873, 0.0018984337921214998, 0.005932605600379687, 0.005220692928334125, 0.03322259136212625, 0.034171808258187, 0.037019458946369245, 0.04841006169909824, 0.0033222591362126247, 0.01210251542477456, 0.00854295206454675, 0.004746084480303749, 0.008305647840531562, 0.0, 0.0033222591362126247, 0.0016611295681063123, 0.01044138585666825, 0.027527289985761746]",18,60.0,300.0
